/* DATABASE SCHEMA */

drop database if exists karen;
create database karen;

drop user if exists mtorres;
create user mtorres with password 'test';
grant all privileges on database karen to mtorres;

\c karen;
set role mtorres;

drop table if exists pae cascade;
create table pae (
    id integer primary key,
    nombre text,
    unidad text
);

insert into pae values
(1,'Atención de Urgencias Epidemiológicas y Desastres','CENAPRECE'),
(2,'Atención del Envejecimiento','CENAPRECE'),
(3,'Eliminación de la Lepra','CENAPRECE'),
(4,'Eliminación de la Oncocercosis','CENAPRECE'),
(5,'Prevención de Enfermedades Diarreicas Agudas y Cólera','CENAPRECE'),
(6,'Prevención Detección y Control de los Problemas de Salud Bucal','CENAPRECE'),
(7,'Prevención y Control de Dengue','CENAPRECE'),
(8,'Prevención y Control de la Brucelosis','CENAPRECE'),
(9,'Prevención y Control de la Diabetes Mellitus','CENAPRECE'),
(10,'Prevención y control de la Enfermedad de Chagas','CENAPRECE'),
(11,'Prevención y Control de la Intoxicación por Picadura de Alacrán','CENAPRECE'),
(12,'Prevención y control de la Obesidad y Riesgo Cardiovascular','CENAPRECE'),
(13,'Prevención y Control de la Rabia Humana','CENAPRECE'),
(14,'Prevención y Control de la Tuberculosis','CENAPRECE'),
(15,'Prevención y Control de las Enfermedades Respiratorias e Influenza','CENAPRECE'),
(16,'Prevención y Control de las Leishmaniasis','CENAPRECE'),
(17,'Prevención y Control de las Rickettsiosis','CENAPRECE'),
(18,'Prevención y Control del Paludismo','CENAPRECE'),
(19,'Cáncer en la Infancia y la Adolescencia','CENSIA'),
(20,'Salud para la Infancia y la Adolescencia','CENSIA'),
(21,'Vacunación Universal','CENSIA'),
(22,'Respuesta al VIH sida e ITS','CENSIDA'),
(23,'Igualdad de Género en Salud','CNEGSR'),
(24,'Planificación Familiar y Anticoncepción','CNEGSR'),
(25,'Prevención y Atención de la Violencia Familiar y de Género','CNEGSR'),
(26,'Prevención y Control del Cáncer de la Mujer','CNEGSR'),
(27,'Salud Materna y Perinatal','CNEGSR'),
(28,'Salud Sexual y Reproductiva para Adolescentes','CNEGSR'),
(29,'Sistema Nacional de Vigilancia Epidemiológica','DGE'),
(30,'Alimentación y Actividad Física','DGPS'),
(31,'Entornos y Comunidades Saludables','DGPS'),
(32,'Promoción de la Salud y Determinantes Sociales','DGPS'),
(33,'Prevención de Accidentes en Grupos Vulnerables','STCONAPRA'),
(34,'Seguridad Vial','STCONAPRA'),
(35,'Salud Mental','STCONSAME');


drop table if exists ficha cascade;
create table ficha (
id integer primary key,
id_pae integer references pae(id),
nombre text,
objetivo text,
descripcion text,
observaciones text,
periodicidad text,
fuente text,
referencia text
);

insert into ficha values
(48, 9, 'Porcentaje de detecciones de diabetes mellitus en población de 20 años y más, responsabilidad del SNS.','Promover la intervención intersectorial y comunitaria para incidir en los factores de riesgo ambiental, económico y social de la transmisión.','Se refiere al porcentaje de detecciones de diabetes mellitus en población de 20 años y más en el SNS.','Método de cálculo: Numerador: Número de detecciones de diabetes mellitus realizadas en la población de 20 años y más, responsabilidad en el SNS / Denominador: Total de detecciones de diabetes mellitus programadas en la población de 20 años y más, responsabilidad en el SNS por 100. Se considera que de manera anual se realizará el 33%.','Trimestral','Sistema de información en Salud','CENAPRECE'),
(49, 9,'Porcentaje de pacientes con diabetes mellitus en tratamiento al que al menos se le realizó una medición anual con hemoglobina glucosilada (HbA1c) en población de 20 años y más, responsabilidad del SNS.','Promover la intervención intersectorial y comunitaria para incidir en los factores de riesgo ambiental, económico y social de la transmisión.','El indicador identifica a los pacientes con diabetes mellitus y medición anual con hemoglobina glucosilada (HbA1c) en población de 20 años y más, responsabilidad del SNS. Se considera incremeños anuales, mismos que se visualizan en la parte de abajo; estos se irán acumulaño en comparación de la basal institucional hasta alcanzar el 33%.','Método de cálculo: Numerador Número de pacientes de 20 años y más con diabetes mellitus en tratamiento y medición anual con hemoglobina glucosilada (HbA1c) responsabilidad en el SNS / Denominador: Número de personas de 20 años y más, a los que se les programó medición anual de hemoglobina glucosilada, responsabilidad del SNS por 100.','Trimestral','Sistema de información en Salud','CENAPRECE'),
(66, 12,'Porcentaje de detección de hipertensión arterial en población de 20 años y más,  responsabilidad del Sistema Nacional de Salud.','Prevenir y detectar oportunamente casos de obesidad y riesgo cardiovascular para tratar, controlar y evitar complicaciones.','Se refiere al porcentaje de detecciones de hipertensión arterial en población de 20 años y más.','Método de cálculo: Numerador: Número de detecciones de hipertensión arterial en la población de 20 años y más, en el Sistema Nacional de Salud (SNS) / Denominador: Total de detecciones de hipertensión arterial programadas en la población de 20 años y más, responsabilidad del SNS de Salud por 100.','Trimestral','Sistema de información en Salud','CENAPRECE'),
(67, 12, 'Porcentaje de detección dislipidemias, en población de 20 años y más, responsabilidad del Sistema Nacional de Salud.','Prevenir y detectar oportunamente casos de obesidad y riesgo cardiovascular para tratar, controlar y evitar complicaciones.','Se refiere al porcentaje de detecciones de dislipidemias (alteración de colesterol total o triglicéridos) en población de 20 años y más.','Método de cálculo: Numerador: Número de detecciones de dislipidemias en la población de 20 años y más, en el SNS / Denominador: Total de detecciones de dislipidemias (alteración colesterol total o triglicéridos) programadas en la población de 20 años y más, responsabilidad del SNS por 100.','Trimestral','Sistema de información en Salud','CENAPRECE'),
(68, 12, 'Porcentaje de detección de obesidad, en población de 20 años y más, responsabilidad de  la Secretaría de Salud.','Prevenir y detectar oportunamente casos de obesidad y riesgo cardiovascular para tratar, controlar y evitar complicaciones.','Se refiere al porcentaje de detecciones de obesidad en población de 20 años y más.','Método de cálculo: Numerador: Número de detecciones de obesidad, en la población de 20 años y más, en la Secretaría de Salud / Denominador: Total de detecciones de obesidad programadas en la población de 20 años y más, responsabilidad de la Secretaría de Salud por 100.','Trimestral','Sistema de información en Salud','CENAPRECE'),
(76, 13, 'Cobertura de vacunación antirrábica aplicada en perros y gatos.','Lograr una cobertura de vacunación antirrábica canina y felina mínima del 95% en todas las entidades federativas.','El indicador pretende medir el número de dosis de vacuna antirrábica que se aplicarán en la población canina y felina. Unidad de medida: Dosis.','Método de cálculo: Numerador: Dosis de vacuna antirrábica aplicadas / Denominador: Dosis de vacuna antirrábica programadas a aplicar por 100.','Trimestral','Numerador SIS rabia, apartado 151, variable RAV06-RAV15/Denominador Meta establecida de perros y gatos a vacunar para el período a evaluar, según PAT estatal, validado por el nivel nacional.','CENAPRECE'),
(78, 13, 'Porcentaje de personas agredidas con riesgo de contraer el virus de la rabia que reciben tratamiento.','Lograr una cobertura de vacunación antirrábica canina y felina mínima del 95% en todas las entidades federativas.','El indicador pretende medir el número de personas que iniciaron tratamiento antirrábico que fueron agredidas o con contacto.','Numerador: Número de personas agredidas y que tienen el riesgo de contraer el virus de la rabia que reciben tratamiento /Denominador: Número de personas agredidas por 100.','Trimestral','Método de cálculo: Numerador: SIS rabia, apartado 96, variables ZOR05, ZOR 07, ZOR09, ZOR11 / Denominador: Sistema de información de Salud de la Dirección General de información en Salud, rabia, apartado 40, variables ZOA02 y ZOA03.','CENAPRECE'),
(79, 13, 'Número de perros y gatos esterilizados en lugares de alta marginación.','Fortalecer la estabilización del crecimieño de la población canina y felina.','El indicador pretende medir el número de perros y gatos esterilizados en lugares de alta marginación.','Método de cálculo: Número de perros y gatos esterilizados.','Trimestral','Numerador: SIS rabia, apartado 153, variables RAM01-RAM20 /Denominador: Meta PAT estatal, validado por el nivel nacional.','CENAPRECE'),
(118,21,'Cobertura de vacunación con esquema completo en niños de 1 año de edad.','Desarrollar las estrategias de vacunación que permitan la reducción de las enfermedades prevenibles por vacunación.','Actividad: Aplicar los diferentes biológicos necesarios para completar esquemas de vacunación en niños de un año de edad.','Método de cálculo: Numerador: Niños de 1 año de edad con esquema de vacunación completo para la edad en un periodo de tiempo determinado/ Denominador: Total de niños de 1 año de edad para el mismo periodo de tiempo por 100. La integración de la información se realizará con los sistemas Institucionales de información y la distribución poblacional de responsabilidad de cada institución.','Semestral','Numerador: Sistema de información institucional. Denominador: Población CONAPO.','SSA, CENSIA'),
(119,21,'Cobertura de vacunación con DPT en niños de cuatro años de edad.','Desarrollar las estrategias de vacunación que permitan la reducción de las enfermedades prevenibles por vacunación.','Actividad: Aplicar la vacuna DPT en niños de cuatro años de edad.','Método de cálculo: Numerador: Niños de 4 años de edad con vacuna DPT aplicada / Denominador: Total de niños de 4 años de edad para el mismo periodo de tiempo por 100. La integración de la información se realizará con los sistemas Institucionales de información y la distribución poblacional de responsabilidad de cada institución.','Semestral','Numerador: Sistema de información institucional. Denominador: Población CONAPO.','SSA, CENSIA'),
(120,21,'Cobertura de vacunación con SRP en niños de seis años de edad.','Desarrollar las estrategias de vacunación que permitan la reducción de las enfermedades prevenibles por vacunación.','Actividad: Aplicar la vacuna SRP en niños de seis años de edad. Numerador: niños de 6 años de edad con registro de aplicación de vacuna SRP. Denominador: Total de niños de 6 años de edad.','Método de cálculo: Numerador: Niños de 6 años de edad con vacuna SRP aplicada / Denominador: Total de niños de 6 años de edad para el mismo periodo de tiempo por 100. La integración de la información se realizará con los sistemas Institucionales de información y la distribución poblacional de responsabilidad de cada institución.','Semestral','Numerador: Sistema de información institucional. Denominador: Población CONAPO.','SSA, CENSIA'),
(146,25,'Porcentaje de mujeres de 15 años y más a las que se aplicó la herramienta de detección y resultaron positivas.','Reducir los daños a la salud ocasionados por la violencia familiar y/o de género en las mujeres. ','Detección de mujeres de 15 años y más, unidas, que acuden a los servicios de salud, y que de acuerdo a los marcadores de violencia se les aplica la herramienta de detección por parte del personal médico de primer contacto; alcanzar el 33% de positividad para violencia familiar entre las mujeres a las que se les realiza el cuestionario en los servicios esenciales de las instituciones públicas del SNS, indicará que las instituciones públicas del SNS están realizaño de manera correcta acciones dirigidas a la búsqueda intencionada de casos, lo que además implicaría intervenir de manera temprana y con ello contribuir a reducir los daños a la salud en las mujeres víctimas de violencia. ','Numerador: Mujeres de 15 años y más unidas, usuarias de los Servicios de Salud que resultaron positivas a la herramienta de detección / Denominador: Número de mujeres de 15 años y más, unidas, que acuden a los servicios de salud y que se les aplica la herramienta de detección por 100. La meta sexenal establecida es muy cercana a la prevalencia de violencia familiar y de género encontrada en la Encuesta Nacional de Violencia contra las Mujeres 2006 de 33%','Anual','Informe General de Avances, SIS-17-P','CNEGSR'),
(147,25,'Porcentaje de cobertura de atención especializada a mujeres víctimas de violencia familiar severa.','Reducir los daños a la salud ocasionados por la violencia familiar y/o de género en las mujeres. ','Atención de mujeres de 15 años y más en situación de violencia familiar y/o de género severa, en los servicios especializados donde recibirán atención médica y psicológica, como lo establece el manual operativo a través de 6 a 9 sesiones de apoyo psicoemocional, dependiendo de la severidad de violencia detectada; de acuerdo con los protocolos y lineamieños de atención psicológica. Las mujeres en situación de violencia, sufren diversos daños además de las lesiones, entre ellos a su bienestar emocional y psicológico, también se ven afectadas a nivel cognitivo y social; por otra parte existen barreras como el miedo, el estigma y la amenaza de perder a los hijos que disuaden a muchas mujeres de buscar ayuda o porque no saben sobre los servicios de que disponen, así como dificultades en el acceso a los servicios de salud, por lo que alcanzar el 26% de mujeres que viven en violencia familiar severa, que se adhieran en promedio hasta en 6 sesiones al tratamiento psicológico en los Servicios Especializados, implicaría contar con personal técnicamente capaz, sensibilizado al tema, con perspectiva de género y de respecto a los derechos humanos; con una cobertura amplia.','Numerador: Número de mujeres de 15 años o más usuarias de servicios especializados para la atención de violencia severa / Denominador: Cálculo de mujeres en población de responsabilidad usuarias de los servicios de salud que requieren atención especializada por violencia severa por 100.','Anual','Informe General de Avances, SIS-17-P','CNEGSR'),
(157,27,'Porcentaje de embarazadas atendidas en el primer trimestre gestacional.','Propiciar el acceso universal de mujeres y hombres en etapas pregestacional, embarazo, parto, puerperio y neoonatal, a servicios de calidad y respetuosos.','El indicador mide indirectamente a nivel institucional la calidad en la promoción y conocimiento de la mujer en la importancia de acudir al cuidado de su embarazo en forma temprana y oportuna para la prevención de complicaciones.','Método de cálculo: Numerador: Total de mujeres embarazadas atendidas en el primer trimestre gestacional para su control prenatal en un año determinado / Denominador: Total de mujeres atendidas para su control prenatal para el mismo periodo por 100.','Trimestral','Numerador: Sistemas de información Institucionales; Denominador: Sistemas de información Institucionales.','Rectoría: CNEGSR Estimación: Dirección General de información en Salud (DGIS). Monitoreo: Dirección General de Evaluación del Desempeño (DGED).'),
(159,27,'Porcentaje de recién nacidos con bajo peso al nacer.','Propiciar el acceso universal de mujeres y hombres en etapas pregestacional, embarazo, parto, puerperio y neoonatal, a servicios de calidad y respetuosos.','El indicador mide indirectamente la calidad en la atención durante el control prenatal a nivel institucional.','Método de cálculo: Numerador: Total de recién nacidos con peso menor a 2,500 gramos al nacer en un año determinado / Denominador: Total de nacimientos registrados en los certificados de nacimiento para el mismo periodo por 100.','Trimestral','Numerador: Sistemas de información Institucionales Denominador: Subsistema de información sobre nacimientos. http://www.sinais.salud.gob.mx/basesdedatos/std_nacimientos.html','Rectoría: CNEGSR Estimación: DGIS Monitoreo: DGED'),
(160,27,'Razón de Mortalidad Materna.','Contribuir a reducir la morbi-mortalidad materna y perinatal, con enfoque de interculturalidad, priorizando grupos de alta marginación y de riesgo.','El indicador mide indirectamente la efectividad de las acciones de prevención y atención oportuna de complicaciones en mujeres embarazadas, parturientas y puérperas de acuerdo con la normatividad aplicable.','Método de cálculo: Numerador: Total de defunciones de mujeres por causas maternas en un año determinado / Denominador: Total de nacimientos registrados en los certificados de nacimiento para el mismo periodo por 100,000.','Anual','Numerador: Base de datos de mortalidad INEGI/SS. http://www.sinais.salud.gob.mx/basesdedatos/std_defunciones.html Denominador: Subsistema de información sobre nacimientos. http://www.sinais.salud.gob.mx/basesdedatos/std_nacimientos.html','Rectoría: CNEGSR Estimación: DGIS Monitoreo: DGED'),
(161,27,'Tasa de Mortalidad Neonatal.','Contribuir a reducir la morbi-mortalidad materna y perinatal, con enfoque de interculturalidad, priorizando grupos de alta marginación y de riesgo.','El indicador mide indirectamente la efectividad de las acciones de prevención y atención oportuna en los menores de 28 días de edad de acuerdo con la normatividad aplicable.','Método de cálculo: Numerador: Total de defunciones de menores de 28 días de edad en un año determinado / Denominador: Total de nacimientos registrados en los certificados de nacimiento para el mismo periodo por 1,000.','Anual','Numerador: Base de datos de mortalidad INEGI/SS. http://www.sinais.salud.gob.mx/basesdedatos/std_defunciones.html Denominador: Subsistema de información sobre nacimientos. http://www.sinais.salud.gob.mx/basesdedatos/std_nacimientos.html','Rectoría: CNEGSR Estimación: DGIS Monitoreo: DGED'),
(162,27,'Porcentaje de partos atendidos a nivel institucional.','Contribuir a reducir la morbi-mortalidad materna y perinatal, con enfoque de interculturalidad, priorizando grupos de alta marginación y de riesgo.','El indicador mide indirectamente la calidad en la atención de los partos a nivel institucional.','Método de cálculo: Numerador: Total de nacimientos atendidos a nivel institucional en un año determinado / Denominador: Total de nacimientos registrados en los certificados de nacimiento para el mismo periodo por 100.','Trimestral','Numerador y denominador: Subsistema de información sobre nacimientos. http://www.sinais.salud.gob.mx/basesdedatos/std_nacimientos.html','Rectoría: CNEGSR Estimación: DGIS Monitoreo: DGED'),
(174,29,'Índice de desempeño de la Red Nacional de Laboratorios de Salud Pública.','Consolidar la operación de la Red Nacional de Laboratorios de Salud Pública.','Si bien, se observa una mejora considerable en el desempeño de la RNLSP, en esta administración es de vital importancia definir los mecanismos que nos permitan homologar los criterios de operación tanto técnicos como de gestión de riesgo biológico y calidad, por lo que se publicarán los lineamieños técnicos, se establecerá el Proceso de Reconocimiento a la Competencia Técnica y se proporcionará apoyo en la actualización y capacitación al personal con la finalidad de que se efectué la transferencia tecnológica, lo que conllevará a la consolidación de la operación de los laboratorios que forman parte de la RNLSP, siendo uno de los retos el incrementar el índice de desempeño nacional en un punto porcentual con respecto al año anterior.','Índice de desempeño en el año en curso menos el índice de desempeño del año anterior.','Anual','Sistema de información en Salud, Manual para la Evaluación del Desempeño Técnico, informes mensuales de los laboratorios de diagnóstico que conforman el Instituto de Diagnóstico y Referencia Epidemiológicos.','Red Nacional de Laboratorios de Salud Pública.'),
(176,29,'Cobertura del marco analítico.','Generar información de calidad para la toma de decisiones.','En el 2013 los LESP y los epidemiólogos estatales junto con personal de la DGE definieron el Marco Analítico Básico conformado por 27 diagnósticos que cubren los riesgos epidemiológicos de las tres regiones; norte, sur y centro, el cual es evaluado a través de supervisiones y de los indicadores que conforman el boletín caminaño a la excelencia para identificar áreas de oportunidad y a través de la presupuestación que otorga la federación en el ramo 12 en el convenio de AFASPE para mantener, mejorar o implementar los diagnósticos, por lo que en este sexenio se medirá la ampliación y la cobertura de este marco analítico.','Método de cálculo: Numerador: Número de laboratorios estatales que cumplen con el 90% de los diagnósticos del Marco Analítico Básico de la red implementados / Denominador: Total de laboratorios estatales que conforman la red por 100.','Anual','Sistema de información en Salud, Manual para la Evaluación del Desempeño Técnico e informes mensuales del Laboratorio Estatal de Salud Pública y de la Red Nacional de Laboratorios de Salud Pública.','DGE'),
(177,29,'Cobertura diagnóstica.','Generar información de calidad para la toma de decisiones.','El servicio diagnóstico por la Red Nacional de Laboratorios de Salud Pública, consiste en realizar el análisis de muestras biológicas, para las diferentes enfermedades de importancia en salud pública en México en apoyo a la Vigilancia Epidemiológica, garantizando la definición de enfermedad mediante un diagnóstico confiable y oportuno, apegado a los Criterios para la Operación de la Red Nacional de Laboratorios de Salud Pública y los Lineamientos Técnicos para la Vigilancia Ideológica por Laboratorio emitidos por el Instituto de Diagnóstico y Referencia Epidemiológicos. ','Método de cálculo: Numerador: Número de muestras procesadas del marco analítico / Denominador: Número de muestras aceptadas del Marco Analítico Básico por 100.','Anual','Sistema de información en Salud, informes trimestrales de los Laboratorios Estatales de Salud Pública.','DGE'),
(200,32,'Porcentaje de consultas otorgadas en los SESA, en las que la población usuaria presenta la CNS.','Fortalecer la promoción de la salud en la atención integrada de línea de vida.','Consultas otorgadas en los SESA en las que la población usuaria presenta la CNS.','Método de cálculo: Numerador: Número de consultas otorgadas en las que la población usuaria de los SESA presenta la CNS / Denominador: Total de consultas otorgadas a la población usuaria de los SESA por 100. Consideraciones para cálculo y método: La meta se estima consideraño la cobertura de CNS en la población, obtenida a través de la ENSANUT, la disponibilidad del insumo de la CNS y el incremento promedio mensual del indicador en el último año.','Trimestral','SIS','Unidades de primer nivel de atención, Jurisdicciones Sanitarias y SESA, a través de la DGPS');

drop table if exists jurisdiccion;
create table jurisdiccion(
id integer primary key,
nombre text
);

drop table if exists indicador cascade;
create table indicador(
id serial primary key,
id_ficha integer references ficha(id),
anio varchar(4),
entidad integer,
id_jurisdiccion integer, /*references id_jurisdiccion(id),*/
valor float
);

insert into indicador ("id_ficha","anio","entidad","id_jurisdiccion","valor") values
(174,2001,1,null,68.6),
(174,2001,2,null,58.1),
(174,2001,3,null,54),
(174,2001,4,null,54.6),
(174,2001,5,null,63.6),
(174,2001,6,null,73.7),
(174,2001,7,null,65.6),
(174,2001,8,null,68.5),
(174,2001,10,null,57.9),
(174,2001,11,null,61.9),
(174,2001,12,null,55.9),
(174,2001,13,null,78.2),
(174,2001,14,null,78.2),
(174,2001,15,null,69.1),
(174,2001,16,null,66.4),
(174,2001,17,null,42.9),
(174,2001,18,null,61),
(174,2001,19,null,62.8),
(174,2001,20,null,63.6),
(174,2001,21,null,61.8),
(174,2001,22,null,45.3),
(174,2001,23,null,62.3),
(174,2001,24,null,71.2),
(174,2001,25,null,76.1),
(174,2001,26,null,69.4),
(174,2001,27,null,62.8),
(174,2001,28,null,69.8),
(174,2001,29,null,60.1),
(174,2001,30,null,68.2),
(174,2001,31,null,55.8),
(174,2001,32,null,49.2),
(174,2002,1,null,61.9),
(174,2002,2,null,29.7),
(174,2002,3,null,41.1),
(174,2002,4,null,61.8),
(174,2002,5,null,79.8),
(174,2002,6,null,58.5),
(174,2002,7,null,70.6),
(174,2002,8,null,69),
(174,2002,10,null,59.9),
(174,2002,11,null,78.4),
(174,2002,12,null,65),
(174,2002,13,null,78.2),
(174,2002,14,null,76),
(174,2002,15,null,75.1),
(174,2002,16,null,80.4),
(174,2002,17,null,39.3),
(174,2002,18,null,67.7),
(174,2002,19,null,70.1),
(174,2002,20,null,79.8),
(174,2002,21,null,88.9),
(174,2002,22,null,52.7),
(174,2002,23,null,70.1),
(174,2002,24,null,74.9),
(174,2002,25,null,74.2),
(174,2002,26,null,62.3),
(174,2002,27,null,78),
(174,2002,28,null,63.1),
(174,2002,29,null,69.6),
(174,2002,30,null,77.4),
(174,2002,31,null,52.5),
(174,2002,32,null,45.1),
(174,2003,1,null,70.7),
(174,2003,2,null,26.8),
(174,2003,3,null,63.6),
(174,2003,4,null,74.9),
(174,2003,5,null,78.5),
(174,2003,6,null,65.6),
(174,2003,7,null,80.4),
(174,2003,8,null,71.5),
(174,2003,10,null,63.4),
(174,2003,11,null,84.4),
(174,2003,12,null,64.8),
(174,2003,13,null,81.4),
(174,2003,14,null,84.5),
(174,2003,15,null,79.5),
(174,2003,16,null,81.2),
(174,2003,17,null,51.2),
(174,2003,18,null,70.3),
(174,2003,19,null,68.9),
(174,2003,20,null,83.2),
(174,2003,21,null,84.8),
(174,2003,22,null,57.9),
(174,2003,23,null,84.5),
(174,2003,24,null,73),
(174,2003,25,null,62.3),
(174,2003,26,null,71),
(174,2003,27,null,70.7),
(174,2003,28,null,71.9),
(174,2003,29,null,66),
(174,2003,30,null,85.6),
(174,2003,31,null,49.3),
(174,2003,32,null,55.6),
(174,2004,1,null,73.43),
(174,2004,2,null,32.58),
(174,2004,3,null,58.85),
(174,2004,4,null,78.58),
(174,2004,5,null,71.62),
(174,2004,6,null,81),
(174,2004,7,null,91.63),
(174,2004,8,null,79.22),
(174,2004,10,null,63.51),
(174,2004,11,null,89.45),
(174,2004,12,null,74.03),
(174,2004,13,null,84.48),
(174,2004,14,null,81.95),
(174,2004,15,null,75.69),
(174,2004,16,null,84.03),
(174,2004,17,null,66.5),
(174,2004,18,null,77.78),
(174,2004,19,null,67.07),
(174,2004,20,null,85.8),
(174,2004,21,null,83.66),
(174,2004,22,null,64.31),
(174,2004,23,null,78.21),
(174,2004,24,null,82.2),
(174,2004,25,null,76.01),
(174,2004,26,null,70),
(174,2004,27,null,76.08),
(174,2004,28,null,77.64),
(174,2004,29,null,77.31),
(174,2004,30,null,88.16),
(174,2004,31,null,64.22),
(174,2004,32,null,64.46),
(174,2005,1,null,68.9),
(174,2005,2,null,56.5),
(174,2005,3,null,64.7),
(174,2005,4,null,78.5),
(174,2005,5,null,68.9),
(174,2005,6,null,69),
(174,2005,7,null,84.3),
(174,2005,8,null,81.9),
(174,2005,10,null,66.3),
(174,2005,11,null,82.7),
(174,2005,12,null,71),
(174,2005,13,null,86),
(174,2005,14,null,86.4),
(174,2005,15,null,71.5),
(174,2005,16,null,78.7),
(174,2005,17,null,76.2),
(174,2005,18,null,74.9),
(174,2005,19,null,74.1),
(174,2005,20,null,82.4),
(174,2005,21,null,82.8),
(174,2005,22,null,73.8),
(174,2005,23,null,84.9),
(174,2005,24,null,75),
(174,2005,25,null,73.9),
(174,2005,26,null,66),
(174,2005,27,null,86.5),
(174,2005,28,null,81.9),
(174,2005,29,null,68.7),
(174,2005,30,null,87.5),
(174,2005,31,null,75.6),
(174,2005,32,null,75.2),
(174,2006,1,null,81.7),
(174,2006,2,null,54.4),
(174,2006,3,null,73.3),
(174,2006,4,null,85.2),
(174,2006,5,null,79.4),
(174,2006,6,null,76.7),
(174,2006,7,null,89.9),
(174,2006,8,null,85.2),
(174,2006,10,null,75.1),
(174,2006,11,null,92.7),
(174,2006,12,null,84.6),
(174,2006,13,null,94.1),
(174,2006,14,null,89.5),
(174,2006,15,null,86.8),
(174,2006,16,null,89.1),
(174,2006,17,null,82.8),
(174,2006,18,null,84.7),
(174,2006,19,null,82),
(174,2006,20,null,87.2),
(174,2006,21,null,89.8),
(174,2006,22,null,75.1),
(174,2006,23,null,86.3),
(174,2006,24,null,89.2),
(174,2006,25,null,84.7),
(174,2006,26,null,81.6),
(174,2006,27,null,88.1),
(174,2006,28,null,86.2),
(174,2006,29,null,74.9),
(174,2006,30,null,93.3),
(174,2006,31,null,77),
(174,2006,32,null,78.8),
(174,2007,1,null,79.3),
(174,2007,2,null,67),
(174,2007,3,null,66.4),
(174,2007,4,null,78.8),
(174,2007,5,null,76.1),
(174,2007,6,null,63.9),
(174,2007,7,null,90.8),
(174,2007,8,null,83.1),
(174,2007,10,null,82),
(174,2007,11,null,88.4),
(174,2007,12,null,87.6),
(174,2007,13,null,93.2),
(174,2007,14,null,85.2),
(174,2007,15,null,75.2),
(174,2007,16,null,85.1),
(174,2007,17,null,88.6),
(174,2007,18,null,83.6),
(174,2007,19,null,84.5),
(174,2007,20,null,85.7),
(174,2007,21,null,90.1),
(174,2007,22,null,84.5),
(174,2007,23,null,85.9),
(174,2007,24,null,88.7),
(174,2007,25,null,69),
(174,2007,26,null,80),
(174,2007,27,null,85.1),
(174,2007,28,null,85.6),
(174,2007,29,null,80.2),
(174,2007,30,null,90),
(174,2007,31,null,71.2),
(174,2007,32,null,82.3),
(174,2008,1,null,76.43),
(174,2008,2,null,65.27),
(174,2008,3,null,70.72),
(174,2008,4,null,79.34),
(174,2008,5,null,72.82),
(174,2008,6,null,73.62),
(174,2008,7,null,95.11),
(174,2008,8,null,78.02),
(174,2008,10,null,80.97),
(174,2008,11,null,90.22),
(174,2008,12,null,92.15),
(174,2008,13,null,94.43),
(174,2008,14,null,92.84),
(174,2008,15,null,75.64),
(174,2008,16,null,87.63),
(174,2008,17,null,87),
(174,2008,18,null,79.79),
(174,2008,19,null,91.41),
(174,2008,20,null,90.98),
(174,2008,21,null,93.57),
(174,2008,22,null,90.02),
(174,2008,23,null,87.78),
(174,2008,24,null,92.43),
(174,2008,25,null,70.51),
(174,2008,26,null,81.3),
(174,2008,27,null,82.36),
(174,2008,28,null,83.31),
(174,2008,29,null,91.59),
(174,2008,30,null,94.36),
(174,2008,31,null,80.95),
(174,2008,32,null,87.76),
(174,2009,1,null,83.11),
(174,2009,2,null,71.12),
(174,2009,3,null,76.21),
(174,2009,4,null,88.32),
(174,2009,5,null,82),
(174,2009,6,null,75.6),
(174,2009,7,null,95.54),
(174,2009,8,null,86.83),
(174,2009,10,null,83.42),
(174,2009,11,null,91.73),
(174,2009,12,null,93.09),
(174,2009,13,null,95.54),
(174,2009,14,null,93.18),
(174,2009,15,null,76.51),
(174,2009,16,null,87.88),
(174,2009,17,null,90.8),
(174,2009,18,null,82.8),
(174,2009,19,null,90.94),
(174,2009,20,null,90.18),
(174,2009,21,null,92.14),
(174,2009,22,null,91.75),
(174,2009,23,null,88.9),
(174,2009,24,null,93.01),
(174,2009,25,null,83.6),
(174,2009,26,null,90.01),
(174,2009,27,null,92.21),
(174,2009,28,null,88.08),
(174,2009,29,null,92.15),
(174,2009,30,null,95.54),
(174,2009,31,null,83.1),
(174,2009,32,null,92.39),
(174,2010,1,null,87.52),
(174,2010,2,null,78.87),
(174,2010,3,null,82.27),
(174,2010,4,null,87.83),
(174,2010,5,null,80.32),
(174,2010,6,null,78.8),
(174,2010,7,null,96.5),
(174,2010,8,null,88.2),
(174,2010,10,null,83.71),
(174,2010,11,null,90.56),
(174,2010,12,null,93.79),
(174,2010,13,null,94.06),
(174,2010,14,null,90.51),
(174,2010,15,null,74.78),
(174,2010,16,null,92.16),
(174,2010,17,null,92.21),
(174,2010,18,null,84.41),
(174,2010,19,null,95.39),
(174,2010,20,null,90.56),
(174,2010,21,null,93.04),
(174,2010,22,null,94.27),
(174,2010,23,null,93.09),
(174,2010,24,null,95.39),
(174,2010,25,null,87.33),
(174,2010,26,null,88.96),
(174,2010,27,null,94.55),
(174,2010,28,null,87.9),
(174,2010,29,null,91.01),
(174,2010,30,null,92.9),
(174,2010,31,null,85.03),
(174,2010,32,null,91.01),
(174,2011,1,null,86.48),
(174,2011,2,null,76.62),
(174,2011,3,null,84.9),
(174,2011,4,null,85.43),
(174,2011,5,null,72.7),
(174,2011,6,null,83.96),
(174,2011,7,null,98.01),
(174,2011,8,null,90.55),
(174,2011,10,null,81.77),
(174,2011,11,null,92.2),
(174,2011,12,null,93.64),
(174,2011,13,null,95.25),
(174,2011,14,null,92.87),
(174,2011,15,null,79.22),
(174,2011,16,null,91.71),
(174,2011,17,null,94.34),
(174,2011,18,null,78.45),
(174,2011,19,null,90.4),
(174,2011,20,null,92.43),
(174,2011,21,null,92.78),
(174,2011,22,null,88.74),
(174,2011,23,null,95.25),
(174,2011,24,null,92.81),
(174,2011,25,null,83.88),
(174,2011,26,null,90.57),
(174,2011,27,null,96.74),
(174,2011,28,null,86.97),
(174,2011,29,null,87.78),
(174,2011,30,null,94.84),
(174,2011,31,null,90.47),
(174,2011,32,null,90.6),
(174,2012,1,null,94.7),
(174,2012,2,null,80.67),
(174,2012,3,null,86.21),
(174,2012,4,null,89.62),
(174,2012,5,null,79.82),
(174,2012,6,null,78.7),
(174,2012,7,null,98.84),
(174,2012,8,null,88.37),
(174,2012,10,null,84.11),
(174,2012,11,null,92.97),
(174,2012,12,null,93.96),
(174,2012,13,null,96.61),
(174,2012,14,null,92.33),
(174,2012,15,null,83.06),
(174,2012,16,null,94.87),
(174,2012,17,null,96.07),
(174,2012,18,null,84.68),
(174,2012,19,null,93.67),
(174,2012,20,null,95.06),
(174,2012,21,null,95.05),
(174,2012,22,null,91.53),
(174,2012,23,null,97.64),
(174,2012,24,null,96.76),
(174,2012,25,null,88.61),
(174,2012,26,null,92.7),
(174,2012,27,null,96.62),
(174,2012,28,null,88.16),
(174,2012,29,null,91.73),
(174,2012,30,null,95.09),
(174,2012,31,null,89.43),
(174,2012,32,null,89.05),
(174,2013,1,null,94.9),
(174,2013,2,null,81.03),
(174,2013,3,null,83.7),
(174,2013,4,null,86.55),
(174,2013,5,null,77.51),
(174,2013,6,null,85.95),
(174,2013,7,null,98.59),
(174,2013,8,null,92.65),
(174,2013,10,null,82.01),
(174,2013,11,null,91.43),
(174,2013,12,null,91.38),
(174,2013,13,null,97.17),
(174,2013,14,null,91.22),
(174,2013,15,null,61.84),
(174,2013,16,null,90.44),
(174,2013,17,null,92.18),
(174,2013,18,null,83.26),
(174,2013,19,null,90.99),
(174,2013,20,null,94.05),
(174,2013,21,null,94.33),
(174,2013,22,null,90.5),
(174,2013,23,null,92.29),
(174,2013,24,null,96.77),
(174,2013,25,null,88.81),
(174,2013,26,null,94.08),
(174,2013,27,null,93.08),
(174,2013,28,null,90.1),
(174,2013,29,null,91.9),
(174,2013,30,null,96.58),
(174,2013,31,null,89.05),
(174,2013,32,null,90.92),
(174,2014,1,null,98.51),
(174,2014,2,null,89.89),
(174,2014,3,null,85.65),
(174,2014,4,null,77.22),
(174,2014,5,null,88.43),
(174,2014,6,null,90.53),
(174,2014,7,null,98.82),
(174,2014,8,null,97.49),
(174,2014,10,null,76.65),
(174,2014,11,null,94.71),
(174,2014,12,null,84.2),
(174,2014,13,null,96.05),
(174,2014,14,null,81.2),
(174,2014,15,null,60.08),
(174,2014,16,null,95.9),
(174,2014,17,null,95.04),
(174,2014,18,null,67.76),
(174,2014,19,null,78.32),
(174,2014,20,null,79),
(174,2014,21,null,79.87),
(174,2014,22,null,92.16),
(174,2014,23,null,97.05),
(174,2014,24,null,97.99),
(174,2014,25,null,93.87),
(174,2014,26,null,96.08),
(174,2014,27,null,96.16),
(174,2014,28,null,91.9),
(174,2014,29,null,94.48),
(174,2014,30,null,95.93),
(174,2014,31,null,89.7),
(174,2014,32,null,94.44),
(174,2015,1,null,96.63),
(174,2015,2,null,75.5),
(174,2015,3,null,78.89),
(174,2015,4,null,73.1),
(174,2015,5,null,84.53),
(174,2015,6,null,85.66),
(174,2015,7,null,98.44),
(174,2015,8,null,94.75),
(174,2015,10,null,79.92),
(174,2015,11,null,94.36),
(174,2015,12,null,89.42),
(174,2015,13,null,95.29),
(174,2015,14,null,92.5),
(174,2015,15,null,70.36),
(174,2015,16,null,97.19),
(174,2015,17,null,95.82),
(174,2015,18,null,77.35),
(174,2015,19,null,73.82),
(174,2015,20,null,84.08),
(174,2015,21,null,95.67),
(174,2015,22,null,92.59),
(174,2015,23,null,97.19),
(174,2015,24,null,97.26),
(174,2015,25,null,85.06),
(174,2015,26,null,89.41),
(174,2015,27,null,93.01),
(174,2015,28,null,95.45),
(174,2015,29,null,89.56),
(174,2015,30,null,96.03),
(174,2015,31,null,94.93),
(174,2015,32,null,86.14),
(118,2013,1,null,94.11),
(118,2013,2,null,78.42),
(118,2013,3,null,104.5),
(118,2013,4,null,97.3),
(118,2013,5,null,79.8),
(118,2013,6,null,100),
(118,2013,7,null,79.6),
(118,2013,8,null,72.18),
(118,2013,9,null,94.17),
(118,2013,10,null,84.68),
(118,2013,11,null,91.37),
(118,2013,12,null,59.04),
(118,2013,13,null,73.28),
(118,2013,14,null,76.99),
(118,2013,15,null,73.1),
(118,2013,16,null,88.01),
(118,2013,17,null,103.69),
(118,2013,18,null,83.09),
(118,2013,19,null,87.22),
(118,2013,20,null,77.92),
(118,2013,21,null,89.71),
(118,2013,22,null,95.05),
(118,2013,23,null,83.4),
(118,2013,24,null,90.44),
(118,2013,25,null,94.58),
(118,2013,26,null,68.93),
(118,2013,27,null,102.2),
(118,2013,28,null,98.84),
(118,2013,29,null,91.18),
(118,2013,30,null,88.48),
(118,2013,31,null,75.9),
(118,2013,32,null,98.66),
(118,2014,1,null,94.36),
(118,2014,2,null,87.134),
(118,2014,3,null,90.57),
(118,2014,4,null,95.49),
(118,2014,5,null,95.27),
(118,2014,6,null,90.53),
(118,2014,7,null,89.22),
(118,2014,8,null,91.41),
(118,2014,9,null,96),
(118,2014,10,null,93.71),
(118,2014,11,null,99.31),
(118,2014,12,null,94.39),
(118,2014,13,null,90.03),
(118,2014,14,null,89.33),
(118,2014,15,null,84.26),
(118,2014,16,null,98.35),
(118,2014,17,null,92.42),
(118,2014,18,null,91.55),
(118,2014,19,null,98.86),
(118,2014,20,null,87.68),
(118,2014,21,null,92.63),
(118,2014,22,null,96.52),
(118,2014,23,null,84.06),
(118,2014,24,null,99.51),
(118,2014,25,null,95.44),
(118,2014,26,null,94.65),
(118,2014,27,null,100.42),
(118,2014,28,null,90.65),
(118,2014,29,null,93.96),
(118,2014,30,null,87.57),
(118,2014,31,null,86.25),
(118,2014,32,null,98.84),
(118,2015,1,null,113.61),
(118,2015,2,null,93.96),
(118,2015,3,null,95.22),
(118,2015,4,null,104.05),
(118,2015,5,null,111.65),
(118,2015,6,null,86.46),
(118,2015,7,null,82.23),
(118,2015,8,null,96.52),
(118,2015,9,null,101.47),
(118,2015,10,null,105.96),
(118,2015,11,null,113.56),
(118,2015,12,null,100.6),
(118,2015,13,null,109.4),
(118,2015,14,null,95.87),
(118,2015,15,null,86.75),
(118,2015,16,null,101.31),
(118,2015,17,null,103.31),
(118,2015,18,null,93.01),
(118,2015,19,null,114.06),
(118,2015,20,null,89.29),
(118,2015,21,null,97.13),
(118,2015,22,null,114.25),
(118,2015,23,null,96.31),
(118,2015,24,null,112.88),
(118,2015,25,null,106.81),
(118,2015,26,null,104.83),
(118,2015,27,null,109.61),
(118,2015,28,null,108.44),
(118,2015,29,null,111.98),
(118,2015,30,null,61.33),
(118,2015,31,null,70.64),
(118,2015,32,null,105.38),
(119,2013,1,null,89.18),
(119,2013,2,null,41.84),
(119,2013,3,null,55.92),
(119,2013,4,null,93.03),
(119,2013,5,null,42.37),
(119,2013,6,null,49.52),
(119,2013,7,null,54.57),
(119,2013,8,null,54.11),
(119,2013,9,null,36.75),
(119,2013,10,null,38.66),
(119,2013,11,null,64.36),
(119,2013,12,null,48.45),
(119,2013,13,null,62.72),
(119,2013,14,null,38.59),
(119,2013,15,null,48.91),
(119,2013,16,null,78.13),
(119,2013,17,null,78.18),
(119,2013,18,null,68.66),
(119,2013,19,null,73.7),
(119,2013,20,null,78.85),
(119,2013,21,null,62.92),
(119,2013,22,null,26.92),
(119,2013,23,null,36.29),
(119,2013,24,null,81.69),
(119,2013,25,null,64.95),
(119,2013,26,null,47.38),
(119,2013,27,null,68.11),
(119,2013,28,null,58.19),
(119,2013,29,null,73.71),
(119,2013,30,null,30.91),
(119,2013,31,null,72.72),
(119,2013,32,null,71.31),
(119,2014,1,null,98.66),
(119,2014,2,null,97.46),
(119,2014,3,null,86.05),
(119,2014,4,null,97.41),
(119,2014,5,null,97.1),
(119,2014,6,null,90.03),
(119,2014,7,null,99.96),
(119,2014,8,null,96.3),
(119,2014,9,null,97.82),
(119,2014,10,null,96.26),
(119,2014,11,null,97.04),
(119,2014,12,null,99.96),
(119,2014,13,null,96.9),
(119,2014,14,null,98),
(119,2014,15,null,98.96),
(119,2014,16,null,99.96),
(119,2014,17,null,97.7),
(119,2014,18,null,95.12),
(119,2014,19,null,95.73),
(119,2014,20,null,94.25),
(119,2014,21,null,99.96),
(119,2014,22,null,97.76),
(119,2014,23,null,90.1),
(119,2014,24,null,99.96),
(119,2014,25,null,100.08),
(119,2014,26,null,97.86),
(119,2014,27,null,100.13),
(119,2014,28,null,98.75),
(119,2014,29,null,94.23),
(119,2014,30,null,99.34),
(119,2014,31,null,90.9),
(119,2014,32,null,99.96),
(119,2015,1,null,107.96),
(119,2015,2,null,99.33),
(119,2015,3,null,93.42),
(119,2015,4,null,108.13),
(119,2015,5,null,101.53),
(119,2015,6,null,100.92),
(119,2015,7,null,103.08),
(119,2015,8,null,105.03),
(119,2015,9,null,104.8),
(119,2015,10,null,100.44),
(119,2015,11,null,105.65),
(119,2015,12,null,106.79),
(119,2015,13,null,112.84),
(119,2015,14,null,105.12),
(119,2015,15,null,109.62),
(119,2015,16,null,117.12),
(119,2015,17,null,108.19),
(119,2015,18,null,103.08),
(119,2015,19,null,106.46),
(119,2015,20,null,103.72),
(119,2015,21,null,109.59),
(119,2015,22,null,103.55),
(119,2015,23,null,96.22),
(119,2015,24,null,111.85),
(119,2015,25,null,114.43),
(119,2015,26,null,110.8),
(119,2015,27,null,119.55),
(119,2015,28,null,106.57),
(119,2015,29,null,108.79),
(119,2015,30,null,104.08),
(119,2015,31,null,94.63),
(119,2015,32,null,106.35),
(120,2013,1,null,61.33),
(120,2013,2,null,80.98),
(120,2013,3,null,81.65),
(120,2013,4,null,94.21),
(120,2013,5,null,103.08),
(120,2013,6,null,116.27),
(120,2013,7,null,94.94),
(120,2013,8,null,91.55),
(120,2013,9,null,105.65),
(120,2013,10,null,90.87),
(120,2013,11,null,78.8),
(120,2013,12,null,55.16),
(120,2013,13,null,64.63),
(120,2013,14,null,85.45),
(120,2013,15,null,61.99),
(120,2013,16,null,67.89),
(120,2013,17,null,94.72),
(120,2013,18,null,100.71),
(120,2013,19,null,86.54),
(120,2013,20,null,70.91),
(120,2013,21,null,63.12),
(120,2013,22,null,92.17),
(120,2013,23,null,76.28),
(120,2013,24,null,78.36),
(120,2013,25,null,79.34),
(120,2013,26,null,73.52),
(120,2013,27,null,99.76),
(120,2013,28,null,82.5),
(120,2013,29,null,37.37),
(120,2013,30,null,78.86),
(120,2013,31,null,75.98),
(120,2013,32,null,92.61),
(120,2014,1,null,99.19),
(120,2014,2,null,95.49),
(120,2014,3,null,93.38),
(120,2014,4,null,100.54),
(120,2014,5,null,96.9),
(120,2014,6,null,87.56),
(120,2014,7,null,100.6),
(120,2014,8,null,96.46),
(120,2014,9,null,97.64),
(120,2014,10,null,95.91),
(120,2014,11,null,97.48),
(120,2014,12,null,93.43),
(120,2014,13,null,100.17),
(120,2014,14,null,97.31),
(120,2014,15,null,97.72),
(120,2014,16,null,103.82),
(120,2014,17,null,88.9),
(120,2014,18,null,87.94),
(120,2014,19,null,97.44),
(120,2014,20,null,93.25),
(120,2014,21,null,102.16),
(120,2014,22,null,95.21),
(120,2014,23,null,90.19),
(120,2014,24,null,104.2),
(120,2014,25,null,99.56),
(120,2014,26,null,98.72),
(120,2014,27,null,100.05),
(120,2014,28,null,100.93),
(120,2014,29,null,99.28),
(120,2014,30,null,74.89),
(120,2014,31,null,97.52),
(120,2014,32,null,101.72),
(120,2015,1,null,95.99),
(120,2015,2,null,97.63),
(120,2015,3,null,95.01),
(120,2015,4,null,105.54),
(120,2015,5,null,92.04),
(120,2015,6,null,90.02),
(120,2015,7,null,102.8),
(120,2015,8,null,94.48),
(120,2015,9,null,77.76),
(120,2015,10,null,97.45),
(120,2015,11,null,103.81),
(120,2015,12,null,103.13),
(120,2015,13,null,101.17),
(120,2015,14,null,98.02),
(120,2015,15,null,94.67),
(120,2015,16,null,101.11),
(120,2015,17,null,94.16),
(120,2015,18,null,91.88),
(120,2015,19,null,99.29),
(120,2015,20,null,89.43),
(120,2015,21,null,104.69),
(120,2015,22,null,94.92),
(120,2015,23,null,92.94),
(120,2015,24,null,104.46),
(120,2015,25,null,91.35),
(120,2015,26,null,103.28),
(120,2015,27,null,115.62),
(120,2015,28,null,98.77),
(120,2015,29,null,100.61),
(120,2015,30,null,75.61),
(120,2015,31,null,98),
(120,2015,32,null,109.21),
(157,2012,1,null,34.45),
(157,2012,2,null,37.97),
(157,2012,3,null,41.32),
(157,2012,4,null,33.44),
(157,2012,5,null,25.67),
(157,2012,6,null,47.56),
(157,2012,7,null,28.87),
(157,2012,8,null,28.32),
(157,2012,9,null,24.7),
(157,2012,10,null,28.77),
(157,2012,11,null,46.54),
(157,2012,12,null,32.16),
(157,2012,13,null,37.81),
(157,2012,14,null,40.15),
(157,2012,15,null,26.09),
(157,2012,16,null,37.59),
(157,2012,17,null,37.99),
(157,2012,18,null,40.47),
(157,2012,19,null,36.3),
(157,2012,20,null,30.66),
(157,2012,21,null,32.87),
(157,2012,22,null,34.29),
(157,2012,23,null,34.83),
(157,2012,24,null,40.08),
(157,2012,25,null,32.72),
(157,2012,26,null,37.65),
(157,2012,27,null,45.75),
(157,2012,28,null,30.93),
(157,2012,29,null,38.87),
(157,2012,30,null,36.47),
(157,2012,31,null,28.92),
(157,2012,32,null,42.65),
(157,2013,1,null,31.89),
(157,2013,2,null,38.52),
(157,2013,3,null,41.94),
(157,2013,4,null,35.38),
(157,2013,5,null,24.85),
(157,2013,6,null,45.76),
(157,2013,7,null,27.87),
(157,2013,8,null,28.12),
(157,2013,9,null,25),
(157,2013,10,null,29.85),
(157,2013,11,null,44.8),
(157,2013,12,null,32.55),
(157,2013,13,null,36.2),
(157,2013,14,null,41.75),
(157,2013,15,null,26.37),
(157,2013,16,null,35.8),
(157,2013,17,null,37.51),
(157,2013,18,null,39.14),
(157,2013,19,null,35.01),
(157,2013,20,null,29.71),
(157,2013,21,null,33.68),
(157,2013,22,null,32.79),
(157,2013,23,null,34.73),
(157,2013,24,null,37.32),
(157,2013,25,null,32.14),
(157,2013,26,null,36.27),
(157,2013,27,null,42.98),
(157,2013,28,null,29.95),
(157,2013,29,null,38.51),
(157,2013,30,null,35.17),
(157,2013,31,null,29.35),
(157,2013,32,null,39.55),
(157,2014,1,null,31.07),
(157,2014,2,null,37.79),
(157,2014,3,null,41.33),
(157,2014,4,null,44.38),
(157,2014,5,null,24.64),
(157,2014,6,null,46.28),
(157,2014,7,null,28.35),
(157,2014,8,null,29.98),
(157,2014,9,null,25),
(157,2014,10,null,30.91),
(157,2014,11,null,45.45),
(157,2014,12,null,32.97),
(157,2014,13,null,36.44),
(157,2014,14,null,41.93),
(157,2014,15,null,28.01),
(157,2014,16,null,37.69),
(157,2014,17,null,39.7),
(157,2014,18,null,41.49),
(157,2014,19,null,34.4),
(157,2014,20,null,30.09),
(157,2014,21,null,35.81),
(157,2014,22,null,38.94),
(157,2014,23,null,30.88),
(157,2014,24,null,37.27),
(157,2014,25,null,32.62),
(157,2014,26,null,38.99),
(157,2014,27,null,54.19),
(157,2014,28,null,32.76),
(157,2014,29,null,39.38),
(157,2014,30,null,35.04),
(157,2014,31,null,30.72),
(157,2014,32,null,39.92),
(157,2015,1,null,35.07),
(157,2015,2,null,37.93),
(157,2015,3,null,40.87),
(157,2015,4,null,38.69),
(157,2015,5,null,25.65),
(157,2015,6,null,45.32),
(157,2015,7,null,30.09),
(157,2015,8,null,32.91),
(157,2015,9,null,25.74),
(157,2015,10,null,32.3),
(157,2015,11,null,46.4),
(157,2015,12,null,34.25),
(157,2015,13,null,30.27),
(157,2015,14,null,40.35),
(157,2015,15,null,27.6),
(157,2015,16,null,38.37),
(157,2015,17,null,39.2),
(157,2015,18,null,40.89),
(157,2015,19,null,35.47),
(157,2015,20,null,28.47),
(157,2015,21,null,36.59),
(157,2015,22,null,39.5),
(157,2015,23,null,33.37),
(157,2015,24,null,38.22),
(157,2015,25,null,31.94),
(157,2015,26,null,40.81),
(157,2015,27,null,42.84),
(157,2015,28,null,32.79),
(157,2015,29,null,39.62),
(157,2015,30,null,27.38),
(157,2015,31,null,32.66),
(157,2015,32,null,39.29),
(162,2015,1,null,99.76),
(162,2015,2,null,99.88),
(162,2015,3,null,99.93),
(162,2015,4,null,98.02),
(162,2015,5,null,99.95),
(162,2015,6,null,99.92),
(162,2015,7,null,92.99),
(162,2015,8,null,98.78),
(162,2015,9,null,99.82),
(162,2015,10,null,99.5),
(162,2015,11,null,99.53),
(162,2015,12,null,96.65),
(162,2015,13,null,98.98),
(162,2015,14,null,99.66),
(162,2015,15,null,99.2),
(162,2015,16,null,98.95),
(162,2015,17,null,98.8),
(162,2015,18,null,99.28),
(162,2015,19,null,99.88),
(162,2015,20,null,98.23),
(162,2015,21,null,96.36),
(162,2015,22,null,99.78),
(162,2015,23,null,97.98),
(162,2015,24,null,99.47),
(162,2015,25,null,99.94),
(162,2015,26,null,99.84),
(162,2015,27,null,95.78),
(162,2015,28,null,99.85),
(162,2015,29,null,99.45),
(162,2015,30,null,97.51),
(162,2015,31,null,99.2),
(162,2015,32,null,99.92),
(160,2012,1,null,47.65),
(160,2012,2,null,30.96),
(160,2012,3,null,23.28),
(160,2012,4,null,42.85),
(160,2012,5,null,34.39),
(160,2012,6,null,23.57),
(160,2012,7,null,60.58),
(160,2012,8,null,46.66),
(160,2012,9,null,40.15),
(160,2012,10,null,52.52),
(160,2012,11,null,34.82),
(160,2012,12,null,75.87),
(160,2012,13,null,37.83),
(160,2012,14,null,23.39),
(160,2012,15,null,42.69),
(160,2012,16,null,41.7),
(160,2012,17,null,39.02),
(160,2012,18,null,45.46),
(160,2012,19,null,26.56),
(160,2012,20,null,65.26),
(160,2012,21,null,50.65),
(160,2012,22,null,19.8),
(160,2012,23,null,50.4),
(160,2012,24,null,40.74),
(160,2012,25,null,41.49),
(160,2012,26,null,33.15),
(160,2012,27,null,34.16),
(160,2012,28,null,25.96),
(160,2012,29,null,59.44),
(160,2012,30,null,51.02),
(160,2012,31,null,50.06),
(160,2012,32,null,32.05),
(160,2013,1,null,25.74),
(160,2013,2,null,42.33),
(160,2013,3,null,32.11),
(160,2013,4,null,65.4),
(160,2013,5,null,27.01),
(160,2013,6,null,22.48),
(160,2013,7,null,54.77),
(160,2013,8,null,59.78),
(160,2013,9,null,41.92),
(160,2013,10,null,41.24),
(160,2013,11,null,34.92),
(160,2013,12,null,59.41),
(160,2013,13,null,37.51),
(160,2013,14,null,22.41),
(160,2013,15,null,36.07),
(160,2013,16,null,36.74),
(160,2013,17,null,44.52),
(160,2013,18,null,36.09),
(160,2013,19,null,14.78),
(160,2013,20,null,50.35),
(160,2013,21,null,31.84),
(160,2013,22,null,35.03),
(160,2013,23,null,46.18),
(160,2013,24,null,31.78),
(160,2013,25,null,26.69),
(160,2013,26,null,40.17),
(160,2013,27,null,27.42),
(160,2013,28,null,41.72),
(160,2013,29,null,23.16),
(160,2013,30,null,46.4),
(160,2013,31,null,50.84),
(160,2013,32,null,44.15),
(160,2014,1,null,22.05),
(160,2014,2,null,28.92),
(160,2014,3,null,15.87),
(160,2014,4,null,17.98),
(160,2014,5,null,36.96),
(160,2014,6,null,29.39),
(160,2014,7,null,68.12),
(160,2014,8,null,56.46),
(160,2014,9,null,41.86),
(160,2014,10,null,71.22),
(160,2014,11,null,27.67),
(160,2014,12,null,58.71),
(160,2014,13,null,65.51),
(160,2014,14,null,34.38),
(160,2014,15,null,33.9),
(160,2014,16,null,47.7),
(160,2014,17,null,9.05),
(160,2014,18,null,28.53),
(160,2014,19,null,17.56),
(160,2014,20,null,46.66),
(160,2014,21,null,37.64),
(160,2014,22,null,34.51),
(160,2014,23,null,27.79),
(160,2014,24,null,24.11),
(160,2014,25,null,31.41),
(160,2014,26,null,33.73),
(160,2014,27,null,40.66),
(160,2014,28,null,28.49),
(160,2014,29,null,51.37),
(160,2014,30,null,43.45),
(160,2014,31,null,42.42),
(160,2014,32,null,32.5),
(160,2015,1,null,36.8),
(160,2015,2,null,35.51),
(160,2015,3,null,24.07),
(160,2015,4,null,41.49),
(160,2015,5,null,38.19),
(160,2015,6,null,28.43),
(160,2015,7,null,47.6),
(160,2015,8,null,38.95),
(160,2015,9,null,51.15),
(160,2015,10,null,37.59),
(160,2015,11,null,39.74),
(160,2015,12,null,56.19),
(160,2015,13,null,43.89),
(160,2015,14,null,28.01),
(160,2015,15,null,37.42),
(160,2015,16,null,42.01),
(160,2015,17,null,42.36),
(160,2015,18,null,68.04),
(160,2015,19,null,24.07),
(160,2015,20,null,45.37),
(160,2015,21,null,35.77),
(160,2015,22,null,19.68),
(160,2015,23,null,27.3),
(160,2015,24,null,33.4),
(160,2015,25,null,21.94),
(160,2015,26,null,38.57),
(160,2015,27,null,42.92),
(160,2015,28,null,35.76),
(160,2015,29,null,28.52),
(160,2015,30,null,37.53),
(160,2015,31,null,39.86),
(160,2015,32,null,36);


drop table if exists meta cascade;
create table meta(
id serial primary key,
id_ficha integer references ficha(id),
min float,
max float,
color integer,
anio integer
);

insert into meta ("id_ficha","min","max","color","anio") values
(174,0,60,0,null),
(174,60,80,1,null),
(174,80,90,2,null),
(174,90,100,3,null),
(118,0,80,0,null),
(118,80,90,1,null),
(118,90,95,2,null),
(118,95,100,3,null),
(119,0,80,0,null),
(119,80,90,1,null),
(119,90,95,2,null),
(119,95,100,3,null),
(120,0,80,0,null),
(120,80,90,1,null),
(120,90,95,2,null),
(120,95,100,3,null),
(157,0,30.8,0,2012),
(157,30.8,35.4,1,2012),
(157,35.4,40,2,2012),
(157,40,100,3,2012),
(157,0,30,0,2013),
(157,30,34.7,1,2013),
(157,34.7,41.4,2,2013),
(157,41.4,100,3,2013),
(157,0,31,0,2014),
(157,31,36,1,2014),
(157,36,42.3,2,2014),
(157,42.3,100,3,2014),
(157,0,32,0,2015),
(157,32,35.6,1,2015),
(157,35.6,44.2,2,2015),
(157,44.2,100,3,2015),
(162,0,96.4,0,null),
(162,96.4,98.3,1,null),
(162,98.3,98.7,2,null),
(162,98.7,100,3,null),
(160,60.2,100,0,2012),
(160,50.3,60.2,1,2012),
(160,42.4,50.3,2,2012),
(160,0,42.4,3,2012),
(160,58.1,100,0,2013),
(160,45.7,58.1,1,2013),
(160,41.3,45.7,2,2013),
(160,0,41.3,3,2013),
(160,63.4,100,0,2014),
(160,45.8,63.4,1,2014),
(160,39.6,45.8,2,2014),
(160,0,39.6,3,2014),
(160,50.1,100,0,2015),
(160,42.3,50.1,1,2015),
(160,37.3,42.3,2,2015),
(160,0,37.3,3,2015),
(161,9.3,10,0,null),
(161,8.5,9.3,1,null),
(161,7.6,8.5,2,null),
(161,0,7.6,3,null),
(159,6,100,0,null),
(159,5,6,1,null),
(159,4,5,2,null),
(159,0,4,3,null),
(200,0,25.3,0,2014),
(200,25.3,35.5,1,2014),
(200,35.5,43.1,2,2014),
(200,43.1,100,3,2014),
(200,0,27,0,2015),
(200,27,37.8,1,2015),
(200,37.8,45.9,2,2015),
(200,45.9,100,3,2015),
(200,0,28.6,0,2016),
(200,28.6,40.1,1,2016),
(200,40.1,48.7,2,2016),
(200,48.7,100,3,2016),
(200,0,30.3,0,2017),
(200,30.3,42.4,1,2017),
(200,42.4,51.5,2,2017),
(200,51.5,100,3,2017);


